Organisation Name,Town/City,County,Type & rating,Route
Northwind Data Labs Ltd,London,,Worker (A rating),Skilled Worker
Northwind Data Labs Ltd,London,,Worker (A rating),Global Business Mobility: Senior or Specialist Worker
Brightpath Care Homes Ltd,Manchester,Greater Manchester,Worker (A rating),Skilled Worker
Olive Tree Restaurants Ltd,Birmingham,West Midlands,Temporary Worker (A rating),Creative Worker
Quantum Health Systems Ltd,Cambridge,Cambridgeshire,Worker (A rating),Skilled Worker
Riverside Hospital Trust,Leeds,West Yorkshire,Worker (A rating),Health and Care Worker
Cobalt Cloud Solutions Ltd,London,,Worker (A rating),Skilled Worker
Meadow Construction Ltd,Bristol,,Worker (B rating),Skilled Worker
Stellar Analytics Ltd,Edinburgh,,Worker (A rating),Skilled Worker
Pinewood Recruitment Ltd,Reading,Berkshire,Worker (A rating),Skilled Worker
